{
    "loss": 0.8059561252593994,
    "accuracy": 0.9064748287200928
}