{
    "loss": 0.981473982334137,
    "accuracy": 0.8561151027679443
}