{
    "loss": 7.741957187652588,
    "accuracy": 0.5467625856399536
}